data,timestamp
Saepe deserunt nulla dolores ut consequatur quod suscipit voluptatem qui.,1613061011031
Ut quaerat alias cum voluptates quo sunt facilis nulla inventore.,1613051124796
Harum impedit quo eos qui nisi quis fugit laudantium sapiente.,1613047110373
Quia asperiores quae et cupiditate officiis magnam tenetur tempore quae.,1613080509645
Voluptatum unde ut dolore mollitia quasi molestias suscipit quibusdam tempore.,1613120555376
Ut animi reprehenderit tempora eaque esse quibusdam porro voluptatibus perspiciatis.,1613074051541
Dolorem minima rerum est velit quod provident cum alias ipsa.,1613073013858
Perspiciatis sed culpa vel cupiditate assumenda ut alias ipsum ducimus.,1613059061074
Ex provident assumenda aspernatur amet nihil dicta accusantium dicta qui.,1613126163694
Tempore velit occaecati enim architecto consequatur commodi et quod fuga.,1613063322887
Et error nulla sed nisi dolor consequatur voluptatibus excepturi sapiente.,1613088587044
Rerum enim similique repellat dolorem natus dolor enim ducimus sapiente.,1613072262243
Distinctio reprehenderit aut pariatur et ut autem quibusdam pariatur et.,1613084259407
Qui et et aperiam voluptatem ducimus ut sit non impedit.,1613057307537
Est fuga eveniet neque omnis consequuntur fugit a neque dolor.,1613094031174
Sit sit est occaecati ut quia enim corrupti dolorem quasi.,1613072400848
Placeat placeat nihil in voluptatibus qui voluptates cum dolorem ipsum.,1613115894972
Consequatur inventore est sed atque ducimus qui ipsa voluptatem minima.,1613083234571
Consequatur aut dolores aperiam qui et quis reiciendis sunt et.,1613048879370
Laudantium aperiam rerum ut ut ut quos at et facilis.,1613056091057
Voluptate dolores et excepturi esse voluptatem harum et eum illum.,1613083741004
Quibusdam vel amet veniam aut tenetur aut deleniti fugiat mollitia.,1613056441509
Atque et minus ducimus similique minus provident ipsam tempora reiciendis.,1613082834522
Ipsa velit eos dicta minus et reprehenderit vitae tempora voluptas.,1613057653061
Sint reprehenderit voluptatem officia ut perspiciatis eum soluta optio iure.,1613095270719
Recusandae voluptates dolor enim iusto deserunt rerum rerum alias occaecati.,1613102351110
Eos vero id quae necessitatibus modi fuga alias repellat eos.,1613097651098
Quos accusantium nihil ut non architecto deleniti doloremque accusamus mollitia.,1613088885944
Rerum id dolores aut sint et praesentium voluptas necessitatibus cupiditate.,1613124102540
Sunt quo tenetur nobis atque est inventore consequatur nisi magni.,1613075011920
Veritatis ullam deserunt consectetur quo minus quis porro non voluptates.,1613084305070
Omnis ratione placeat alias provident accusantium fugiat laboriosam est ducimus.,1613055341066
Reiciendis in dolore necessitatibus ipsam facilis est repellendus illum mollitia.,1613070174884
Recusandae aliquam similique vero et ducimus dicta dolorem sit incidunt.,1613065585434
Adipisci adipisci sint eligendi ab doloribus qui aliquid minima perferendis.,1613047818404
Perspiciatis voluptate est accusantium laboriosam eum veniam ratione occaecati commodi.,1613063593265
Saepe dolor non qui ut aliquid molestiae neque quaerat placeat.,1613092146182
Commodi numquam est rerum voluptatem ab velit dolor ut animi.,1613082503558
Corrupti sit molestiae eligendi dolorem quia nemo laboriosam eum voluptatem.,1613055400536
A voluptatem recusandae eum commodi iusto quia aut illum aliquid.,1613078394375
Aut nam quisquam quisquam dignissimos a numquam ea libero ut.,1613062636514
Non voluptas aut autem et autem veniam quis optio qui.,1613085589327
Et et et numquam voluptatem beatae aliquid facilis exercitationem eveniet.,1613096861585
Dolorem qui sed ratione ea vel sed et nemo ab.,1613055628178
Alias sint dolore qui illum qui laborum earum totam vero.,1613076613471
Iusto illum provident laborum eveniet ut voluptas sunt aliquid quam.,1613068033169
Enim occaecati eos nesciunt hic optio eos ipsa illo sunt.,1613085348769
Consequuntur delectus non totam consequatur saepe tenetur occaecati amet atque.,1613124460283
Et nemo voluptas accusamus aliquam est rerum sit facere natus.,1613111179413
Esse quis cumque neque facilis mollitia omnis veniam esse quaerat.,1613054648880
Veritatis repudiandae eius qui rerum officia magni amet et et.,1613126169111
Unde doloribus aut voluptas omnis laborum ratione perferendis temporibus voluptas.,1613104789397
Eius ducimus hic magnam id maiores quam tempore animi nihil.,1613068568335
Dolorem id occaecati temporibus aut aut sapiente est facere exercitationem.,1613060976585
Quia est perferendis impedit sit atque nihil perferendis ut incidunt.,1613065819078
Sit labore reiciendis sint id quia officiis sunt deleniti reprehenderit.,1613115343823
Quidem asperiores quo consectetur in ratione et et aspernatur aut.,1613047260000
Deserunt modi qui qui est omnis ratione provident non ratione.,1613121628524
Et est earum rerum natus facilis aut tempore natus impedit.,1613065790423
Modi sapiente voluptatem velit quo odio eum molestiae et velit.,1613117239162
Necessitatibus in officiis amet qui aut ullam illum sed nam.,1613043370637
Nobis dolorem quasi nesciunt nisi eum veniam minus exercitationem rerum.,1613113987974
Neque sunt qui repellat hic est doloremque dolor unde ut.,1613113875785
Voluptatibus officia accusamus consequatur laudantium et et repudiandae dignissimos et.,1613049278329
Delectus deserunt ut culpa non numquam ullam modi eum et.,1613070539664
Enim voluptas veritatis facere nam nulla voluptates ratione aut accusantium.,1613070955989
Omnis magnam in quia necessitatibus alias dolorum dolorem eveniet sed.,1613115618427
Natus eveniet velit aut exercitationem et et omnis qui odit.,1613074401567
Tempora hic optio saepe voluptatem voluptatem sint et est dolores.,1613046029655
Quidem aut quas similique voluptatem est similique qui quo ab.,1613062991041
Architecto est exercitationem incidunt quidem voluptatem cumque quisquam qui a.,1613087909720
Non qui sed non eos quos doloribus reprehenderit a sed.,1613048849834
Suscipit voluptatem aut porro in ab aspernatur quod reiciendis non.,1613045859199
Voluptas aut rerum et dicta voluptas occaecati voluptatibus saepe assumenda.,1613068652728
Sunt odio et accusantium pariatur eligendi voluptate odit est eum.,1613113711720
Perferendis numquam labore facilis molestias molestias asperiores aperiam eveniet magnam.,1613079217838
Voluptatem ut cupiditate fugit qui in cumque rerum sit autem.,1613062236553
Eum rerum ut ducimus et esse libero deserunt voluptates quibusdam.,1613057070778
Veniam est unde occaecati consequatur eos voluptatem sint sit ut.,1613088520539
Atque qui corrupti quia at molestiae blanditiis maiores vitae qui.,1613090680690
Id ratione esse voluptas quaerat maxime non asperiores reiciendis non.,1613055449676
Maxime asperiores voluptates magni ullam nam placeat quia molestiae totam.,1613091093697
Quis delectus aut molestias quia quia quia nisi ab harum.,1613113490834
Autem nam voluptatem quaerat adipisci culpa reprehenderit et officiis aut.,1613111173525
Et temporibus recusandae repellat totam quod aut itaque ratione quia.,1613092035101
Sit eligendi harum hic dicta sed autem accusantium et earum.,1613099270724
Aut quia officia sit qui nihil impedit in molestias quidem.,1613089390454
In cum fugiat quia a facere ut ut assumenda temporibus.,1613061222912
Dolorem voluptates quaerat a vero amet ipsum ipsum provident et.,1613117862544
Sapiente labore dolorum occaecati culpa voluptas inventore eos id molestiae.,1613100215636
Unde est in beatae dolorum est ut dicta iusto veniam.,1613095081667
Labore aut cupiditate repellendus cupiditate sed doloremque eos repellendus minima.,1613066367851
Libero suscipit eos earum est sed quis ex non ex.,1613110262309
Dolorem rerum beatae consequuntur fuga et dolores dicta voluptatem voluptatum.,1613082029904
Excepturi nobis adipisci corporis nesciunt alias sint sint officiis aut.,1613099375384
Voluptatum vel rerum provident ut omnis dolorem ea explicabo labore.,1613100240684
Quaerat explicabo in laboriosam et ut harum quia non hic.,1613077266811
Occaecati officia numquam ullam aut voluptatem nihil cupiditate voluptas saepe.,1613065204915
Aut recusandae unde voluptatem dolores et odit et qui voluptate.,1613066720147
Delectus cupiditate excepturi similique commodi quis ducimus velit repudiandae cum.,1613123556680
